pickup_datetime,avgfare,avgtip,avgpassenger,avgtripdistance
2015010100,12.34,1.18,1.83,2.44
2015010101,13.03,1.30,1.85,2.65
2015010102,13.20,1.38,1.84,2.80
2015010103,13.32,1.30,1.82,2.99
2015010104,13.77,1.23,1.80,3.22
2015010105,14.74,1.23,1.74,3.67
2015010106,15.17,1.22,1.68,3.86
2015010107,15.08,1.29,1.66,3.91
2015010108,14.20,1.23,1.67,3.63
2015010109,13.15,1.06,1.72,3.27
2015010110,12.23,1.00,1.78,2.92
2015010111,11.26,0.93,1.80,2.52
2015010112,11.45,0.96,1.80,2.55
2015010113,11.66,0.97,1.82,2.63
2015010114,12.29,1.01,1.81,2.75
2015010115,12.53,1.07,1.82,2.83
2015010116,12.11,1.00,1.85,2.67
2015010117,11.80,0.98,1.81,2.51
2015010118,11.24,0.96,1.82,2.29
2015010119,11.01,0.97,1.82,2.28
2015010120,11.79,1.13,1.82,2.63
2015010121,11.48,1.09,1.82,2.54
2015010122,11.56,1.14,1.80,2.64
2015010123,12.19,1.20,1.78,2.90
2015010200,12.34,1.21,1.77,2.99
2015010201,11.57,1.04,1.72,2.70
2015010202,11.91,1.01,1.77,2.84
2015010203,13.46,1.15,1.75,3.34
2015010204,16.56,1.35,1.72,4.39
2015010205,17.91,1.74,1.61,4.94
2015010206,14.19,1.37,1.57,3.65
2015010207,12.36,1.25,1.61,2.99
2015010208,11.31,1.17,1.65,2.47
2015010209,11.54,1.06,1.70,2.52
2015010210,11.53,0.95,1.74,2.42
2015010211,11.20,0.91,1.74,2.20
2015010212,11.32,0.95,1.74,2.24
2015010213,11.45,0.95,1.75,2.26
2015010214,12.33,1.03,1.76,2.52
2015010215,12.60,1.07,1.77,589.98
2015010216,12.31,1.12,1.77,2.47
2015010217,11.90,1.12,1.79,2.28
2015010218,11.40,1.11,1.79,2.16
2015010219,11.19,1.11,1.81,2.03
2015010220,11.58,1.16,1.79,2.35
2015010221,11.55,1.16,1.78,2.43
2015010222,11.38,1.15,1.81,2.37
2015010223,11.90,1.25,1.80,2.60
2015010300,11.67,1.22,1.78,2.56
2015010301,11.47,1.24,1.79,2.51
2015010302,11.67,1.23,1.79,2.59
2015010303,12.54,1.27,1.80,2.91
2015010304,14.15,1.26,1.76,3.51
2015010305,18.78,1.78,1.70,5.16
2015010306,17.79,1.69,1.58,4.81
2015010307,14.62,1.37,1.62,3.78
2015010308,12.63,1.22,1.65,3.03
2015010309,10.96,0.99,1.71,2.43
2015010310,10.86,0.96,1.74,2.33
2015010311,10.79,0.95,1.76,2.20
2015010312,10.61,0.95,1.77,2.02
2015010313,10.82,0.92,1.81,1.96
2015010314,11.12,1.00,1.78,2.14
2015010315,11.10,1.00,1.78,2.18
2015010316,11.31,1.06,1.79,2.24
2015010317,10.97,1.03,1.78,2.20
2015010318,10.81,1.05,1.79,94.17
2015010319,10.70,1.01,1.80,125.79
2015010320,10.89,1.14,1.80,2.19
2015010321,10.76,1.12,1.79,2.18
2015010322,11.42,1.22,1.80,2.42
2015010323,11.65,1.30,1.79,8.35
2015010400,11.75,1.30,1.77,2.60
2015010401,11.92,1.32,1.77,31.59
2015010402,11.83,1.28,1.75,2.68
2015010403,12.40,1.28,1.76,3.62
2015010404,14.28,1.31,1.74,3.52
2015010405,18.31,1.71,1.66,4.91
2015010406,19.34,1.98,1.56,5.48
2015010407,15.78,1.65,1.58,4.18
2015010408,13.15,1.32,1.63,3.18
2015010409,11.79,1.17,1.68,2.75
2015010410,11.45,1.15,1.70,2.58
2015010411,11.12,1.09,1.71,2.37
2015010412,10.96,1.07,1.73,5.96
2015010413,11.44,1.16,1.73,2.39
2015010414,12.40,1.26,1.73,2.64
2015010415,12.82,1.35,1.73,92.50
2015010416,12.88,1.37,1.74,2.87
2015010417,12.42,1.32,1.73,2.71
2015010418,12.27,1.32,1.73,2.67
2015010419,11.64,1.21,1.72,174.46
2015010420,11.81,1.31,1.72,2.60
2015010421,13.05,1.50,1.70,62.47
2015010422,14.20,1.66,1.69,3.63
2015010423,15.64,1.76,1.65,4.16
2015010500,17.29,1.97,1.65,4.82
2015010501,17.11,1.86,1.61,4.68
2015010502,15.57,1.43,1.66,4.00
2015010503,14.35,1.15,1.60,3.57
2015010504,17.12,1.73,1.61,4.62
2015010505,15.72,1.93,1.55,4.27
2015010506,12.64,1.46,1.53,3.05
2015010507,11.75,1.31,1.59,2.44
2015010508,11.53,1.31,1.62,2.12
2015010509,11.42,1.30,1.61,2.14
2015010510,11.60,1.23,1.63,11.08
2015010511,11.40,1.14,1.65,2.24
2015010512,11.26,1.08,1.68,2.18
2015010513,11.65,1.10,1.67,2.31
2015010514,11.90,1.17,1.69,2.41
2015010515,12.08,1.17,1.71,2.46
2015010516,11.84,1.25,1.69,2.41
2015010517,11.56,1.27,1.67,2.28
2015010518,10.79,1.25,1.66,2.06
2015010519,10.66,1.29,1.66,2.14
2015010520,11.20,1.34,1.67,2.43
2015010521,12.02,1.46,1.67,2.73
2015010522,12.58,1.56,1.68,2.96
2015010523,13.42,1.63,1.68,3.35
2015010600,14.58,1.64,1.65,3.69
2015010601,14.15,1.42,1.63,3.58
2015010602,13.62,1.21,1.64,3.26
2015010603,13.62,1.25,1.67,3.32
2015010604,15.50,1.38,1.62,4.10
2015010605,14.34,1.63,1.54,3.73
2015010606,11.48,1.25,1.54,2.63
2015010607,10.70,1.18,1.60,2.07
2015010608,11.00,1.27,1.63,1.76
2015010609,11.95,1.38,1.63,1.78
2015010610,12.20,1.30,1.63,1.88
2015010611,11.83,1.19,1.65,1.79
2015010612,11.35,1.16,1.65,1.79
2015010613,11.42,1.16,1.67,1.99
2015010614,11.68,1.19,1.66,2.14
2015010615,11.65,1.20,1.70,2.19
2015010616,11.69,1.29,1.67,2.25
2015010617,10.82,1.22,1.66,2.01
2015010618,10.48,1.24,1.64,1.90
2015010619,10.45,1.29,1.64,2.06
2015010620,11.18,1.39,1.64,2.38
2015010621,11.58,1.48,1.67,2.55
2015010622,12.19,1.53,1.66,2.76
2015010623,12.80,1.52,1.66,3.02
2015010700,13.94,1.55,1.65,3.46
2015010701,14.05,1.47,1.66,3.51
2015010702,12.81,1.19,1.64,3.07
2015010703,12.85,1.14,1.65,3.08
2015010704,15.27,1.48,1.62,3.92
2015010705,13.31,1.52,1.52,3.32
2015010706,10.86,1.16,1.54,2.40
2015010707,10.84,1.22,1.58,2.10
2015010708,10.70,1.24,1.61,1.73
2015010709,10.99,1.29,1.60,1.73
2015010710,11.10,1.20,1.62,1.90
2015010711,10.95,1.14,1.64,1.82
2015010712,11.04,1.15,1.65,1.84
2015010713,11.29,1.19,1.65,1.97
2015010714,11.60,1.18,1.66,2.06
2015010715,11.35,1.18,1.69,2.07
2015010716,11.07,1.22,1.68,2.06
2015010717,10.78,1.22,1.69,1.91
2015010718,10.43,1.25,1.66,1.77
2015010719,10.35,1.28,1.66,1.91
2015010720,10.72,1.35,1.66,2.15
2015010721,11.46,1.50,1.68,2.47
2015010722,11.84,1.49,1.68,2.58
2015010723,12.88,1.56,1.67,3.04
2015010800,13.56,1.59,1.66,3.32
2015010801,12.94,1.37,1.66,3.08
2015010802,12.39,1.17,1.70,2.91
2015010803,12.90,1.19,1.67,3.14
2015010804,14.73,1.50,1.65,3.77
2015010805,13.19,1.55,1.55,3.28
2015010806,10.89,1.23,1.56,2.38
2015010807,10.47,1.20,1.60,1.98
2015010808,10.58,1.24,1.62,1.71
2015010809,10.82,1.24,1.62,1.69
2015010810,11.25,1.25,1.64,1.84
2015010811,11.20,1.18,1.64,1.77
2015010812,11.27,1.20,1.65,1.88
2015010813,11.48,1.23,1.66,2.02
2015010814,11.92,1.26,1.67,2.15
2015010815,11.89,1.30,1.70,2.16
2015010816,11.80,1.37,1.65,2.25
2015010817,11.16,1.32,1.66,1.98
2015010818,10.93,1.32,1.66,1.85
2015010819,10.70,1.33,1.66,1.92
2015010820,11.17,1.44,1.67,2.23
2015010821,11.76,1.51,1.68,2.51
2015010822,12.07,1.56,1.70,2.64
2015010823,12.41,1.55,1.69,2.77
2015010900,12.96,1.58,1.68,3.05
2015010901,12.91,1.41,1.68,2.97
2015010902,12.41,1.29,1.66,2.90
2015010903,12.88,1.21,1.66,3.08
2015010904,14.72,1.48,1.61,3.75
2015010905,14.68,1.83,1.56,3.84
2015010906,11.68,1.34,1.54,2.59
2015010907,12.38,1.44,1.60,2.05
2015010908,12.79,1.51,1.64,1.80
2015010909,11.74,1.35,1.60,1.73
2015010910,11.27,1.24,1.61,1.80
2015010911,11.19,1.18,1.63,1.90
2015010912,11.32,1.23,1.61,1.96
2015010913,11.47,1.22,1.66,2.14
2015010914,11.87,1.30,1.67,2.23
2015010915,12.27,1.34,1.67,2.36
2015010916,11.71,1.34,1.66,89.98
2015010917,11.23,1.33,1.66,2.03
2015010918,11.18,1.35,1.67,2.04
2015010919,11.01,1.36,1.69,2.00
2015010920,11.08,1.36,1.70,2.17
2015010921,11.35,1.37,1.72,290.76
2015010922,11.69,1.37,1.76,721.78
2015010923,12.17,1.43,1.75,2.53
2015011000,12.20,1.44,1.75,2.58
2015011001,12.20,1.45,1.74,4.01
2015011002,12.17,1.40,1.73,2.70
2015011003,12.38,1.34,1.76,2.81
2015011004,13.69,1.37,1.75,3.25
2015011005,15.98,1.63,1.63,4.21
2015011006,15.63,1.80,1.57,4.13
2015011007,12.31,1.35,1.57,2.93
2015011008,10.69,1.14,1.62,2.29
2015011009,9.86,1.03,1.67,1.93
2015011010,9.79,1.04,1.69,1.84
2015011011,10.01,1.03,1.72,1.81
2015011012,10.10,1.05,1.73,1.76
2015011013,10.61,1.07,1.73,1.84
2015011014,10.60,1.10,1.74,1.87
2015011015,11.21,1.19,1.73,2.08
2015011016,10.94,1.16,1.72,66.75
2015011017,10.94,1.13,1.73,2.02
2015011018,10.58,1.12,1.73,1.86
2015011019,10.85,1.13,1.75,1.91
2015011020,10.68,1.21,1.75,1.93
2015011021,10.91,1.23,1.77,2.04
2015011022,11.28,1.25,1.78,2.21
2015011023,11.58,1.33,1.78,2.30
2015011100,11.52,1.34,1.78,2.38
2015011101,11.57,1.34,1.76,2.47
2015011102,11.76,1.35,1.76,2.55
2015011103,12.19,1.33,1.77,2.76
2015011104,13.34,1.26,1.75,3.15
2015011105,16.39,1.58,1.68,4.32
2015011106,16.62,1.83,1.58,4.42
2015011107,13.65,1.47,1.56,3.44
2015011108,10.97,1.18,1.63,2.44
2015011109,10.24,1.11,1.66,2.17
2015011110,10.36,1.12,1.70,2.13
2015011111,10.25,1.12,1.71,2.01
2015011112,10.50,1.16,1.71,2.05
2015011113,11.00,1.22,1.71,2.16
2015011114,11.83,1.32,1.71,2.42
2015011115,12.25,1.36,1.71,2.56
2015011116,12.39,1.44,1.72,2.63
2015011117,11.94,1.35,1.71,2.50
2015011118,11.54,1.30,1.72,2.39
2015011119,11.54,1.34,1.72,588.02
2015011120,12.09,1.43,1.69,20.01
2015011121,12.49,1.51,1.69,948.04
2015011122,13.03,1.55,1.69,3.13
2015011123,13.70,1.64,1.66,3.42
2015011200,14.78,1.69,1.63,3.83
2015011201,14.10,1.45,1.60,3.40
2015011202,13.11,1.15,1.60,3.24
2015011203,14.57,1.33,1.59,3.69
2015011204,16.58,1.78,1.66,4.36
2015011205,16.49,2.10,1.58,4.43
2015011206,12.01,1.39,1.54,2.78
2015011207,11.15,1.32,1.59,2.22
2015011208,11.65,1.39,1.62,1.96
2015011209,11.57,1.37,1.60,1.89
2015011210,11.42,1.29,1.61,1.93
2015011211,11.56,1.31,1.64,2.06
2015011212,11.28,1.24,1.64,1.95
2015011213,11.06,1.20,1.64,1.92
2015011214,11.69,1.28,1.65,2.13
2015011215,11.94,1.31,1.66,2.23
2015011216,11.87,1.39,1.66,2.24
2015011217,11.64,1.41,1.66,2.18
2015011218,11.13,1.41,1.65,2.07
2015011219,10.71,1.37,1.64,2.12
2015011220,11.33,1.48,1.63,2.46
2015011221,11.87,1.57,1.66,2.65
2015011222,12.05,1.57,1.66,2.74
2015011223,12.67,1.57,1.67,3.01
2015011300,12.42,1.53,1.67,2.95
2015011301,12.23,1.29,1.66,2.83
2015011302,12.59,1.23,1.61,3.05
2015011303,13.02,1.15,1.64,3.14
2015011304,15.16,1.60,1.59,3.95
2015011305,14.11,1.71,1.54,3.61
2015011306,11.27,1.31,1.54,2.53
2015011307,11.06,1.30,1.59,2.15
2015011308,11.36,1.40,1.63,1.86
2015011309,11.60,1.41,1.62,1.82
2015011310,11.66,1.37,1.64,1.88
2015011311,11.60,1.34,1.64,1.88
2015011312,11.79,1.33,1.63,1.93
2015011313,11.95,1.36,1.65,2.05
2015011314,12.37,1.42,1.64,2.19
2015011315,12.21,1.42,1.67,2.20
2015011316,12.09,1.48,1.67,2.28
2015011317,11.44,1.41,1.64,2.01
2015011318,10.86,1.35,1.64,1.86
2015011319,10.66,1.38,1.64,1.99
2015011320,10.92,1.44,1.63,2.21
2015011321,11.55,1.54,1.65,2.42
2015011322,12.02,1.60,1.66,2.61
2015011323,12.38,1.56,1.66,2.75
2015011400,12.65,1.51,1.67,2.90
2015011401,12.41,1.38,1.70,2.85
2015011402,11.92,1.19,1.66,2.74
2015011403,13.11,1.26,1.71,3.15
2015011404,15.92,1.79,1.61,4.08
2015011405,14.62,1.93,1.53,3.80
2015011406,11.64,1.43,1.54,2.65
2015011407,11.04,1.33,1.59,2.15
2015011408,11.24,1.38,1.61,1.85
2015011409,11.29,1.41,1.61,1.82
2015011410,11.47,1.37,1.63,1.92
2015011411,12.04,1.42,1.64,2.07
2015011412,11.89,1.34,1.64,1.99
2015011413,12.12,1.43,1.64,2.20
2015011414,12.46,1.44,1.63,2.28
2015011415,12.47,1.44,1.67,2.33
2015011416,12.45,1.51,1.66,2.40
2015011417,11.60,1.45,1.64,2.07
2015011418,10.96,1.38,1.64,1.91
2015011419,10.61,1.37,1.65,1.97
2015011420,11.25,1.48,1.63,2.30
2015011421,11.74,1.59,1.64,2.53
2015011422,12.01,1.60,1.66,2.63
2015011423,12.59,1.61,1.67,2.85
2015011500,12.38,1.47,1.67,2.81
2015011501,12.34,1.38,1.64,2.87
2015011502,12.12,1.24,1.61,2.84
2015011503,13.34,1.36,1.65,3.15
2015011504,15.89,1.69,1.68,4.18
2015011505,14.95,2.00,1.55,3.91
2015011506,11.79,1.42,1.54,2.68
2015011507,11.00,1.29,1.60,2.13
2015011508,11.27,1.39,1.62,1.87
2015011509,11.47,1.38,1.60,1.82
2015011510,11.67,1.33,1.60,1.92
2015011511,11.73,1.33,1.63,1.95
2015011512,11.76,1.31,1.63,2.00
2015011513,12.32,1.42,1.64,2.18
2015011514,12.76,1.49,1.64,2.36
2015011515,12.95,1.51,1.66,2.37
2015011516,13.28,1.65,1.66,2.54
2015011517,12.30,1.49,1.65,2.29
2015011518,11.46,1.44,1.67,2.05
2015011519,11.19,1.43,1.65,2.10
2015011520,11.62,1.52,1.66,2.37
2015011521,12.28,1.61,1.67,2.66
2015011522,12.57,1.66,1.67,2.76
2015011523,12.80,1.68,1.68,2.84
2015011600,12.58,1.55,1.66,2.85
2015011601,12.72,1.44,1.66,2.91
2015011602,12.77,1.29,1.64,3.02
2015011603,13.22,1.35,1.69,3.15
2015011604,15.82,1.71,1.67,4.10
2015011605,16.28,2.07,1.57,4.46
2015011606,12.90,1.59,1.53,3.09
2015011607,11.21,1.31,1.59,2.23
2015011608,11.26,1.35,1.61,1.96
2015011609,11.45,1.37,1.60,1.91
2015011610,11.81,1.30,1.62,2.07
2015011611,11.89,1.31,1.62,2.10
2015011612,11.90,1.33,1.61,2.07
2015011613,11.90,1.34,1.64,2.21
2015011614,12.59,1.41,1.65,2.37
2015011615,12.99,1.46,1.68,2.47
2015011616,12.67,1.50,1.65,2.47
2015011617,11.88,1.41,1.65,2.16
2015011618,11.15,1.35,1.68,2.02
2015011619,10.73,1.31,1.70,1.98
2015011620,10.96,1.32,1.71,2.11
2015011621,11.36,1.36,1.73,2.29
2015011622,11.77,1.39,1.75,2.42
2015011623,12.13,1.44,1.75,2.57
2015011700,12.28,1.45,1.75,2.64
2015011701,11.99,1.41,1.74,2.59
2015011702,12.04,1.40,1.74,2.64
2015011703,12.38,1.31,1.76,2.82
2015011704,13.72,1.38,1.74,3.27
2015011705,17.47,2.11,1.65,4.80
2015011706,16.45,1.94,1.56,4.34
2015011707,13.38,1.55,1.56,3.33
2015011708,11.17,1.15,1.62,2.45
2015011709,10.13,1.06,1.64,2.02
2015011710,10.03,1.02,1.69,1.96
2015011711,10.12,1.05,1.71,1.89
2015011712,10.05,1.00,1.74,1.80
2015011713,10.39,1.02,1.75,1.83
2015011714,10.82,1.05,1.74,2.00
2015011715,10.97,1.10,1.74,2.05
2015011716,10.86,1.09,1.75,2.02
2015011717,10.91,1.10,1.75,2.02
2015011718,10.46,1.07,1.74,1.83
2015011719,10.67,1.11,1.77,1.84
2015011720,10.70,1.16,1.77,1.91
2015011721,10.84,1.16,1.78,2.03
2015011722,11.12,1.22,1.79,2.13
2015011723,11.47,1.27,1.80,2.24
2015011800,11.43,1.29,1.81,2.31
2015011801,11.61,1.33,1.78,2.47
2015011802,11.89,1.33,1.77,2.62
2015011803,12.42,1.37,1.77,2.84
2015011804,13.30,1.24,1.75,3.18
2015011805,15.09,1.36,1.72,3.82
2015011806,16.60,1.69,1.57,4.36
2015011807,13.62,1.37,1.56,3.36
2015011808,11.05,1.08,1.62,2.40
2015011809,10.49,1.05,1.68,2.18
2015011810,10.09,0.99,1.71,2.00
2015011811,9.95,1.00,1.74,1.88
2015011812,10.12,1.01,1.76,1.84
2015011813,10.58,1.10,1.76,1.91
2015011814,11.16,1.17,1.75,2.12
2015011815,11.07,1.17,1.74,2.15
2015011816,11.38,1.22,1.74,2.29
2015011817,11.16,1.19,1.72,2.27
2015011818,11.15,1.22,1.74,2.27
2015011819,11.15,220.98,1.75,2.36
2015011820,11.24,1.31,1.72,2.43
2015011821,11.43,1.34,1.74,2.54
2015011822,12.09,1.43,1.73,2.77
2015011823,12.35,1.44,1.73,2.90
2015011900,12.16,1.34,1.72,2.89
2015011901,11.80,1.31,1.72,2.79
2015011902,12.07,1.26,1.67,2.83
2015011903,12.93,1.29,1.71,3.12
2015011904,15.21,1.51,1.69,3.92
2015011905,17.97,2.07,1.58,5.00
2015011906,15.29,1.83,1.50,4.01
2015011907,12.55,1.47,1.57,3.00
2015011908,10.73,1.25,1.60,2.21
2015011909,10.81,1.20,1.65,2.24
2015011910,11.21,1.23,1.64,2.32
2015011911,11.19,1.22,1.69,2.27
2015011912,10.92,1.17,1.69,2.15
2015011913,11.53,1.26,1.70,2.35
2015011914,12.23,1.36,1.70,2.50
2015011915,12.47,1.41,1.70,2.57
2015011916,12.21,1.40,1.71,2.60
2015011917,11.50,1.36,1.69,2.41
2015011918,10.85,1.27,1.68,2.23
2015011919,11.15,1.35,1.69,2.39
2015011920,11.71,1.49,1.70,2.64
2015011921,12.40,1.59,1.67,2.94
2015011922,13.35,1.75,1.70,3.29
2015011923,14.23,1.80,1.67,3.61
2015012000,14.06,1.64,1.67,3.52
2015012001,13.18,1.35,1.63,3.26
2015012002,12.90,1.24,1.65,3.17
2015012003,13.66,1.25,1.65,3.40
2015012004,15.87,1.75,1.60,4.26
2015012005,15.77,2.09,1.53,4.25
2015012006,11.87,1.43,1.53,2.70
2015012007,11.52,1.39,1.58,2.29
2015012008,11.30,1.36,1.60,1.92
2015012009,11.57,1.39,1.60,1.89
2015012010,11.89,1.43,1.61,2.07
2015012011,11.91,1.34,1.62,2.07
2015012012,11.49,1.26,1.62,1.99
2015012013,11.86,1.31,1.63,2.15
2015012014,11.99,1.33,1.65,2.19
2015012015,12.09,1.35,1.65,2.22
2015012016,12.33,1.48,1.64,2.38
2015012017,11.47,1.38,1.64,2.05
2015012018,11.03,1.37,1.64,1.92
2015012019,10.97,1.43,1.64,2.12
2015012020,11.49,1.53,1.63,2.42
2015012021,11.87,1.61,1.66,2.59
2015012022,12.07,1.61,1.67,2.66
2015012023,12.59,1.61,1.68,2.89
2015012100,12.55,1.46,1.66,2.92
2015012101,12.70,1.45,1.65,2.99
2015012102,12.60,1.34,1.64,2.93
2015012103,13.00,1.27,1.66,3.08
2015012104,15.07,1.55,1.66,3.90
2015012105,14.42,1.85,1.54,3.73
2015012106,11.47,1.36,1.55,2.55
2015012107,11.11,1.33,1.59,2.13
2015012108,10.87,1.32,1.61,1.74
2015012109,11.37,1.40,1.61,1.80
2015012110,11.46,1.32,1.62,1.90
2015012111,11.51,1.35,1.63,1.89
2015012112,11.53,1.31,1.62,1.91
2015012113,11.98,1.37,1.62,2.11
2015012114,12.16,1.41,1.65,2.24
2015012115,11.98,1.39,1.66,2.20
2015012116,12.18,1.49,1.66,2.33
2015012117,11.33,1.40,1.65,2.03
2015012118,10.87,1.38,1.63,19.18
2015012119,10.81,1.40,1.64,2.03
2015012120,11.27,1.52,1.64,3.99
2015012121,11.70,1.62,1.65,125.53
2015012122,12.01,1.64,1.65,2.61
2015012123,12.52,1.65,1.66,2.88
2015012200,12.48,1.54,1.65,2.88
2015012201,12.43,1.32,1.64,2.88
2015012202,12.08,1.16,1.63,2.82
2015012203,12.82,1.28,1.63,3.09
2015012204,15.47,1.67,1.64,4.00
2015012205,14.12,1.90,1.59,3.63
2015012206,11.33,1.38,1.53,2.53
2015012207,10.96,1.32,1.59,2.14
2015012208,11.03,1.37,1.61,1.80
2015012209,11.47,1.39,1.60,1.83
2015012210,11.63,1.39,1.60,1.93
2015012211,11.77,1.36,1.62,1.99
2015012212,11.68,1.38,1.63,2.00
2015012213,12.36,1.44,1.63,2.28
2015012214,12.67,1.48,1.64,2.31
2015012215,12.77,1.51,1.66,2.45
2015012216,12.31,1.51,1.65,2.39
2015012217,11.24,1.40,1.63,1.97
2015012218,11.07,1.40,1.64,1.89
2015012219,11.22,1.46,1.65,2.09
2015012220,11.41,1.50,1.65,2.29
2015012221,12.26,1.66,1.68,2.60
2015012222,12.43,1.69,1.68,38.26
2015012223,12.64,1.66,1.69,319.93
2015012300,12.70,1.63,1.68,2.84
2015012301,12.77,1.50,1.66,155.20
2015012302,12.33,1.33,1.65,2.81
2015012303,12.70,1.26,1.68,2.96
2015012304,15.08,1.61,1.67,3.87
2015012305,15.48,2.00,1.55,4.11
2015012306,12.22,1.50,1.53,2.85
2015012307,11.28,1.37,1.58,2.23
2015012308,11.29,1.38,1.61,1.84
2015012309,11.62,1.40,1.60,5.81
2015012310,11.52,1.32,1.61,819.38
2015012311,11.83,1.33,1.61,1.95
2015012312,12.04,1.41,1.63,2.09
2015012313,12.11,1.38,1.63,2.22
2015012314,12.55,1.42,1.66,2.33
2015012315,12.55,1.40,1.65,541.01
2015012316,12.42,1.50,1.68,2.39
2015012317,11.68,1.40,1.66,2.09
2015012318,11.21,1.38,1.66,1.96
2015012319,11.27,1.41,1.68,2.03
2015012320,11.50,1.45,1.68,2.44
2015012321,11.72,1.45,1.71,2.29
2015012322,11.89,1.45,1.74,2.36
2015012323,12.23,1.49,1.74,2.52
2015012400,12.38,1.52,1.75,2.54
2015012401,12.23,1.50,1.74,2.53
2015012402,12.80,1.53,1.74,2.64
2015012403,12.84,1.49,1.73,2.81
2015012404,13.70,1.37,1.74,3.20
2015012405,15.84,1.71,1.69,4.12
2015012406,15.71,1.82,1.58,4.06
2015012407,11.98,1.24,1.62,2.73
2015012408,10.63,1.18,1.64,2.26
2015012409,9.72,1.05,1.70,1.90
2015012410,9.50,1.00,1.71,1.78
2015012411,9.59,1.04,1.73,1.81
2015012412,9.41,0.99,1.73,1.68
2015012413,9.91,1.04,1.75,1.84
2015012414,10.23,1.05,1.74,1.95
2015012415,10.36,1.09,1.74,151.27
2015012416,10.47,1.09,1.73,2.03
2015012417,10.52,1.10,1.71,2.00
2015012418,10.30,1.10,1.72,1.90
2015012419,10.18,1.09,1.75,1.82
2015012420,10.67,1.22,1.74,2.04
2015012421,10.72,1.23,1.76,2.10
2015012422,10.82,1.24,1.78,2.10
2015012423,11.46,1.35,1.78,2.30
2015012500,11.22,1.33,1.77,2.31
2015012501,11.26,1.37,1.76,2.39
2015012502,11.52,1.39,1.76,2.54
2015012503,12.20,1.41,1.76,2.76
2015012504,13.22,1.30,1.76,3.13
2015012505,15.23,1.49,1.66,3.92
2015012506,16.57,1.80,1.54,4.46
2015012507,13.55,1.46,1.53,3.33
2015012508,11.33,1.21,1.59,2.59
2015012509,10.50,1.12,1.65,2.23
2015012510,10.40,1.12,1.69,2.12
2015012511,10.48,1.14,1.70,2.06
2015012512,10.92,1.18,1.71,2.09
2015012513,11.40,1.25,1.70,69.89
2015012514,12.24,1.33,1.70,2.45
2015012515,12.60,1.43,1.71,2.56
2015012516,12.46,1.45,1.71,2.59
2015012517,12.14,1.38,1.70,2.48
2015012518,11.78,1.38,1.70,2.43
2015012519,11.50,1.34,1.70,2.40
2015012520,11.95,1.47,1.68,2.66
2015012521,12.26,1.53,1.68,2.81
2015012522,12.66,1.55,1.67,2.98
2015012523,14.10,1.70,1.65,3.57
2015012600,13.51,1.49,1.64,3.30
2015012601,13.76,1.36,1.65,3.42
2015012602,12.47,1.10,1.62,2.95
2015012603,14.92,1.38,1.67,3.85
2015012604,18.20,2.14,1.61,4.87
2015012605,16.37,2.18,1.56,4.45
2015012606,12.60,1.52,1.55,2.98
2015012607,11.40,1.35,1.58,2.31
2015012608,11.45,1.38,1.62,1.97
2015012609,11.79,1.39,1.62,1.94
2015012610,11.18,1.25,1.62,1.93
2015012611,10.99,1.24,1.64,2.00
2015012612,10.48,1.15,1.64,1.81
2015012613,11.21,1.22,1.63,1.90
2015012614,12.74,1.43,1.66,1.82
2015012615,13.01,1.50,1.69,1.67
2015012616,12.02,1.44,1.70,1.64
2015012617,10.31,1.32,1.66,1.61
2015012618,9.30,1.17,1.68,1.61
2015012619,9.20,1.15,1.65,1.68
2015012620,9.19,1.13,1.68,1.73
2015012621,9.56,1.16,1.69,1.85
2015012622,9.50,1.06,1.74,1.83
2015012623,11.81,1.21,1.64,2.28
2015012700,12.17,1.03,1.64,2.43
2015012701,11.40,1.00,1.52,2.54
2015012702,12.79,2.08,1.51,2.38
2015012703,12.43,1.14,1.36,2.93
2015012704,9.79,0.96,1.46,2.17
2015012705,12.10,0.62,1.20,2.88
2015012706,11.92,1.17,1.21,2.72
2015012707,11.83,1.43,1.47,2.72
2015012708,13.13,1.68,1.61,3.18
2015012709,9.61,1.18,1.70,1.94
2015012710,9.03,0.94,1.73,1.57
2015012711,8.16,0.86,1.73,1.43
2015012712,7.93,0.80,1.74,1.35
2015012713,7.77,0.77,1.73,1.28
2015012714,7.83,0.75,1.74,1.32
2015012715,7.89,0.75,1.74,1.31
2015012716,8.06,0.87,1.73,1.37
2015012717,8.28,0.95,1.69,1.44
2015012718,8.55,1.02,1.68,1.53
2015012719,8.91,1.08,1.70,1.67
2015012720,9.54,1.13,1.70,1.93
2015012721,10.24,1.23,1.73,2.18
2015012722,10.51,1.26,1.73,2.28
2015012723,11.40,1.31,1.72,2.59
2015012800,11.81,1.32,1.73,2.76
2015012801,11.90,1.25,1.67,2.83
2015012802,12.03,1.06,1.68,2.85
2015012803,13.75,1.21,1.70,3.41
2015012804,14.14,1.34,1.62,3.61
2015012805,12.89,1.61,1.53,3.27
2015012806,10.69,1.21,1.54,2.38
2015012807,10.99,1.26,1.59,2.09
2015012808,11.18,1.32,1.61,1.73
2015012809,11.53,1.41,1.59,1.83
2015012810,11.82,1.33,1.61,2.01
2015012811,11.66,1.33,1.63,2.00
2015012812,11.67,1.30,1.63,2.04
2015012813,11.98,1.35,1.63,2.13
2015012814,12.96,1.47,1.63,2.43
2015012815,12.66,1.42,1.66,2.34
2015012816,12.38,1.46,1.66,2.33
2015012817,11.86,1.44,1.65,2.06
2015012818,11.62,1.45,1.65,2.03
2015012819,11.01,1.40,1.65,2.03
2015012820,11.70,1.56,1.63,2.39
2015012821,12.29,1.67,1.65,2.66
2015012822,12.53,1.68,1.67,2.74
2015012823,12.80,1.66,1.69,2.95
2015012900,13.23,1.62,1.67,3.15
2015012901,12.85,1.41,1.67,3.02
2015012902,12.73,1.34,1.64,2.93
2015012903,13.34,1.35,1.68,3.15
2015012904,15.52,1.66,1.59,4.08
2015012905,14.19,1.78,1.55,3.66
2015012906,11.40,1.35,1.53,2.54
2015012907,11.09,1.29,1.57,2.07
2015012908,11.68,1.43,1.60,1.83
2015012909,11.94,1.43,1.59,1.77
2015012910,12.49,1.45,1.62,1.92
2015012911,12.46,1.39,1.63,1.85
2015012912,12.72,1.42,1.64,1.92
2015012913,12.91,1.46,1.63,2.12
2015012914,13.16,1.46,1.64,2.19
2015012915,13.41,1.51,1.66,2.28
2015012916,13.16,1.59,1.64,2.34
2015012917,12.42,1.51,1.65,2.11
2015012918,11.80,1.48,1.63,1.97
2015012919,11.37,1.49,1.64,2.05
2015012920,11.98,1.61,1.65,2.43
2015012921,12.51,1.69,1.65,2.64
2015012922,12.82,1.71,1.67,2.72
2015012923,12.90,1.69,1.67,2.81
2015013000,13.00,1.58,1.68,2.90
2015013001,12.65,1.55,1.66,2.88
2015013002,12.38,1.30,1.68,2.79
2015013003,13.14,1.26,1.68,3.12
2015013004,14.98,1.55,1.69,3.85
2015013005,14.60,1.81,1.58,3.78
2015013006,11.90,1.41,1.55,2.72
2015013007,11.07,1.28,1.60,2.12
2015013008,11.23,1.36,1.62,1.82
2015013009,11.51,1.38,1.61,1.77
2015013010,11.89,1.34,1.62,1.86
2015013011,12.26,1.38,1.62,1.92
2015013012,12.59,1.39,1.63,2.09
2015013013,12.25,1.39,1.65,2.11
2015013014,12.90,1.45,1.64,2.30
2015013015,12.79,1.45,1.66,2.28
2015013016,12.18,1.45,1.64,2.23
2015013017,11.86,1.41,1.65,2.09
2015013018,11.14,1.37,1.65,1.90
2015013019,10.91,1.36,1.67,1.93
2015013020,11.16,1.41,1.69,2.06
2015013021,11.45,1.43,1.70,2.21
2015013022,11.77,1.45,1.73,2.34
2015013023,12.40,1.52,1.75,2.54
2015013100,12.37,1.52,1.74,2.59
2015013101,12.17,1.49,1.74,2.57
2015013102,12.09,1.44,1.73,2.60
2015013103,12.40,1.45,1.74,2.75
2015013104,13.38,1.28,1.71,3.13
2015013105,15.84,1.73,1.67,4.14
2015013106,14.56,1.68,1.60,32.93
2015013107,12.61,1.38,1.58,2.97
2015013108,10.43,1.15,1.63,2.13
2015013109,9.85,1.07,1.67,1.87
2015013110,9.68,1.02,1.70,1.73
2015013111,10.06,1.08,1.70,1.78
2015013112,10.15,1.08,1.72,1.73
2015013113,10.49,1.12,1.74,1.76
2015013114,10.94,1.15,1.73,1.93
2015013115,10.86,1.14,1.72,1.94
2015013116,10.82,1.14,1.72,1.98
2015013117,10.83,1.16,1.72,1.96
2015013118,10.85,1.17,1.73,2.98
2015013119,10.98,1.21,1.74,1.87
2015013120,11.07,1.27,1.75,162.23
2015013121,11.00,1.26,1.76,1.98
2015013122,11.29,1.32,1.78,3.81
2015013123,11.51,1.35,1.77,2.25
